run,nodes,node_id,stored_unique,sender_tx,stored_pdr_pct,n2g_mean_ms,n2g_median_ms,n2g_p95_ms,sync_w_median_ms
1N-RUN01,1,08a6f76bd428,1380,1380,100.0,23.021014492753622,23.0,28.0,29.0
1N-RUN02,1,08a6f76bd428,1381,1381,100.0,23.238957277335263,23.0,28.0,29.0
1N-RUN03,1,08a6f76bd428,1381,1381,100.0,23.24475018102824,23.0,28.0,29.0
3N-RUN01,3,08a6f769c348,1374,1384,99.27745664739885,24.387190684133916,23.0,33.0,29.0
3N-RUN01,3,08a6f76bd428,1387,1397,99.28418038654259,24.06705118961788,23.0,32.0,29.0
3N-RUN01,3,2cbcbb0d97a0,1380,1390,99.28057553956835,23.786231884057973,23.0,33.0,29.0
3N-RUN02,3,08a6f769c348,1389,1389,100.0,25.210943124550035,23.0,34.0,29.0
3N-RUN02,3,08a6f76bd428,1388,1391,99.784327821711,23.835014409221902,23.0,32.0,29.0
3N-RUN02,3,2cbcbb0d97a0,1377,1379,99.85496736765772,23.77051561365287,23.0,33.0,23.0
3N-RUN03,3,08a6f769c348,1376,1386,99.27849927849928,24.43168604651163,23.0,33.0,29.0
3N-RUN03,3,08a6f76bd428,1368,1377,99.34640522875817,23.973684210526315,23.0,32.0,29.0
3N-RUN03,3,2cbcbb0d97a0,1380,1386,99.56709956709956,23.747826086956522,23.0,33.0,29.0
5N-RUN01,5,08a6f75abdf0,1346,1392,96.69540229885058,26.422734026745914,26.0,36.0,20.0
5N-RUN01,5,08a6f769c348,1340,1389,96.4722822174226,24.620149253731345,23.0,40.0,28.0
5N-RUN01,5,08a6f76bd428,1350,1389,97.19222462203024,24.159259259259258,23.0,34.0,29.0
5N-RUN01,5,08a6f7bb3c68,1343,1380,97.31884057971014,25.25018615040953,23.0,39.0,28.0
5N-RUN01,5,2cbcbb0d97a0,1342,1386,96.82539682539682,24.68628912071535,26.0,38.0,20.0
5N-RUN02,5,08a6f75abdf0,1346,1385,97.1841155234657,24.170133729569095,23.0,38.0,29.0
5N-RUN02,5,08a6f769c348,1340,1392,96.26436781609195,24.861194029850747,23.0,37.0,28.0
5N-RUN02,5,08a6f76bd428,1356,1395,97.20430107526882,25.221238938053098,23.0,34.0,29.0
5N-RUN02,5,08a6f7bb3c68,1335,1385,96.38989169675091,25.40749063670412,23.0,40.0,28.0
5N-RUN02,5,2cbcbb0d97a0,1344,1390,96.69064748201438,26.32217261904762,26.0,35.0,20.0
5N-RUN03,5,08a6f75abdf0,1347,1389,96.97624190064795,24.19673348181143,23.0,38.0,29.0
5N-RUN03,5,08a6f769c348,1345,1385,97.11191335740072,24.82007434944238,23.0,40.0,29.0
5N-RUN03,5,08a6f76bd428,1344,1384,97.10982658959537,24.119791666666668,23.0,38.0,29.0
5N-RUN03,5,08a6f7bb3c68,1356,1396,97.13467048710602,24.595870206489675,23.0,36.0,29.0
5N-RUN03,5,2cbcbb0d97a0,1346,1389,96.90424766018718,23.798662704309063,23.0,33.0,29.0
