run,nodes,sender_tx,sender_ack_true,sender_ack_false,sender_send_errors,stored_unique,stored_pdr_pct,missing_database_records
1N-RUN01,1,1380,1380,0,0,1380,100.0,0
1N-RUN02,1,1381,1381,0,0,1381,100.0,0
1N-RUN03,1,1381,1381,0,0,1381,100.0,0
3N-RUN01,3,4171,4171,0,0,4141,99.28074802205705,30
3N-RUN02,3,4159,4159,0,0,4154,99.87977879297908,5
3N-RUN03,3,4149,4149,0,0,4124,99.39744516751024,25
5N-RUN01,5,6936,6936,0,0,6721,96.90023068050749,215
5N-RUN02,5,6947,6947,0,0,6721,96.74679717863826,226
5N-RUN03,5,6943,6943,0,0,6738,97.0473858562581,205
