run,nodes,stored_unique,sender_tx,sender_ack_true,sender_ack_false,sender_send_errors,stored_pdr_pct,duration_s,tx_rate_pkt_s,gateway_rx_rate_pkt_s,gateway_published_rate_pkt_s,stored_rate_pkt_s,n2g_mean_ms,n2g_median_ms,n2g_p95_ms,gateway_mean_ms,gateway_median_ms,gateway_p95_ms,backend_mean_ms,total_mean_ms,sync_w_median_ms,sync_w_p95_ms,sync_valid_probes_median,sensor_read_mean_ms,build_to_send_mean_ms
1N-RUN01,1,1380,1380,1380,0,0,100.0,1800.03,0.7666538891018483,0.7666538891018483,0.7666538891018483,0.7666538891018483,23.021014492753622,23.0,28.0,13.378985507246377,13.0,14.0,564.7503842561141,601.1503842561141,29.0,30.0,3.0,272.1905797101449,5.728985507246377
1N-RUN02,1,1381,1381,1381,0,0,100.0,1800.32,0.7670858514041948,0.7670858514041948,0.7670858514041948,0.7670858514041948,23.238957277335263,23.0,28.0,13.280955829109342,13.0,14.0,1025.6973617962526,1062.2172749026972,29.0,30.0,3.0,272.210716871832,5.796524257784214
1N-RUN03,1,1381,1381,1381,0,0,100.0,1800.21,0.7671327234044917,0.7671327234044917,0.7671327234044917,0.7671327234044917,23.24475018102824,23.0,28.0,13.284576393917451,13.0,14.0,1030.775596403195,1067.304922978141,29.0,30.0,3.0,272.5524981897176,5.311368573497465
3N-RUN01,3,4141,4171,4171,0,0,99.28074802205705,1801.15,2.315742719928934,2.315742719928934,2.315742719928934,2.2990866946117756,24.07969089591886,23.0,33.0,13.329872011591403,13.0,15.0,1572.97963999251,1610.3892029000203,29.0,31.0,3.0,272.6911374064236,5.48249215165419
3N-RUN02,3,4154,4159,4159,0,0,99.87977879297908,1801.35,2.308823937602354,2.308823937602354,2.308823937602354,2.3060482415965806,24.273712084737603,23.0,33.0,13.427058257101589,13.0,15.0,1061.7400772763262,1099.4408476181654,29.0,31.0,3.0,272.60977371208475,5.439817043813192
3N-RUN03,3,4124,4149,4149,0,0,99.39744516751024,1801.22,2.3034387803821854,2.3034387803821854,2.3034387803821854,2.2895592986975495,24.050921435499514,23.0,33.0,13.455383123181377,13.0,16.0,691.8099249794458,729.3162295381267,29.0,30.0,3.0,272.67580019398645,5.403006789524733
5N-RUN01,5,6721,6936,6936,0,0,96.90023068050749,1801.12,3.85093719463445,3.85093719463445,3.85093719463445,3.731567024962246,25.02767445320637,23.0,38.0,13.524177949709864,13.0,17.0,407.3753862441996,445.92723864711587,23.0,30.0,3.0,272.803154292516,5.472102365719387
5N-RUN02,5,6721,6947,6947,0,0,96.74679717863826,1800.84,3.8576442104795543,3.8576442104795543,3.8576442104795543,3.7321472201861354,25.196101770569857,23.0,37.0,13.432227347120964,13.0,16.0,589.8239027584367,628.4522318761275,28.0,30.0,3.0,272.825026037792,5.500818330605565
5N-RUN03,5,6738,6943,6943,0,0,97.0473858562581,1800.84,3.8554230248106443,3.8554230248106443,3.8554230248106443,3.741587259279003,24.306619174829326,23.0,38.0,13.4182249925794,13.0,16.0,393.7190294681865,431.44387363559525,29.0,30.0,3.0,272.9047195013357,5.412140100920154
