run,nodes,tx_rate_pkt_s,gateway_rx_rate_pkt_s,gateway_published_rate_pkt_s,stored_rate_pkt_s
1N-RUN01,1,0.7666538891018483,0.7666538891018483,0.7666538891018483,0.7666538891018483
1N-RUN02,1,0.7670858514041948,0.7670858514041948,0.7670858514041948,0.7670858514041948
1N-RUN03,1,0.7671327234044917,0.7671327234044917,0.7671327234044917,0.7671327234044917
3N-RUN01,3,2.315742719928934,2.315742719928934,2.315742719928934,2.2990866946117756
3N-RUN02,3,2.308823937602354,2.308823937602354,2.308823937602354,2.3060482415965806
3N-RUN03,3,2.3034387803821854,2.3034387803821854,2.3034387803821854,2.2895592986975495
5N-RUN01,5,3.85093719463445,3.85093719463445,3.85093719463445,3.731567024962246
5N-RUN02,5,3.8576442104795543,3.8576442104795543,3.8576442104795543,3.7321472201861354
5N-RUN03,5,3.8554230248106443,3.8554230248106443,3.8554230248106443,3.741587259279003
