scenario_label,run_id,file,duration_min,unique_packets,missing_seq,duplicates,pdr_percent,max_gap_s,actual_node_streams,node_count_metadata_values
1 node,1N-RUN01,1node/30min_1node_run01/influxdata_2026-06-23T15_24_34Z.csv,29.965257266666665,1346,0,0,100.0,1.8290862,1,1
1 node,1N-RUN02,1node/30min_1node_run02/influxdata_2026-06-23T15_56_38Z.csv,29.975422733333335,1346,0,0,100.0,1.6479471,1,1
1 node,1N-RUN03,1node/30min_1node_run03/influxdata_2026-06-24T09_36_20Z.csv,29.97307675,1332,11,0,99.18093819806404,11.2472883,1,1
3 nodes,3N-RUN01,3nodes/30min_3nodes_run01/influxdata_2026-06-16T17_24_52Z.csv,29.967454766666666,4032,3,3,99.92565055762081,2.5356924,3,5
3 nodes,3N-RUN02,3nodes/30min_3nodes_run02/influxdata_2026-06-22T15_21_40Z.csv,29.969283683333334,4035,11,1,99.72812654473555,5.2375678,3,3
3 nodes,3N-RUN03,3nodes/30min_3nodes_run03/influxdata_2026-06-22T15_54_23Z.csv,29.973938033333333,4025,8,1,99.8016364988842,5.1031716,3,3
5 nodes,5N-RUN01,5nodes/30min_5nodes_run01/influxdata_2026-06-19T13_02_54Z.csv,29.98202086666667,6679,16,7,99.76101568334578,3.130372,5,5
5 nodes,5N-RUN02,5nodes/30min_5nodes_run02/influxdata_2026-06-19T13_51_53Z.csv,29.990421416666667,6695,16,11,99.76158545671287,3.9507527,5,5
5 nodes,5N-RUN03,5nodes/30min_5nodes_run03/influxdata_2026-06-19T14_28_36Z.csv,29.987410633333333,6694,19,3,99.71696707880233,3.0648293,5,5
