scenario,scenario_label,run_id,file,duration_min,raw_records,unique_packets,expected_seq,missing_seq,duplicates,pdr_percent,max_gap_s,actual_node_streams,node_count_metadata_values,n2g_median_ms,n2g_p95_ms,gateway_median_ms,gateway_p95_ms,backend_median_ms,backend_p95_ms,total_median_ms,total_p95_ms,sync_delay_median_ms,sync_delay_p95_ms
1,1 node,1N-RUN01,1node/30min_1node_run01/influxdata_2026-06-23T15_24_34Z.csv,29.965257266666665,1346,1346,1346,0,0,100.0,1.8290862,1,1,71.0,76.0,6.0,7.0,845.5965576171875,861.5768432617188,920.3463134765625,938.7908325195312,31.0,62.0
1,1 node,1N-RUN02,1node/30min_1node_run02/influxdata_2026-06-23T15_56_38Z.csv,29.975422733333335,1346,1346,1346,0,0,100.0,1.6479471,1,1,68.0,76.0,6.0,7.0,262.984619140625,277.46392822265625,338.4586181640625,356.14166259765625,31.0,58.0
1,1 node,1N-RUN03,1node/30min_1node_run03/influxdata_2026-06-24T09_36_20Z.csv,29.97307675,1332,1332,1343,11,0,99.18093819806404,11.2472883,1,1,68.0,77.0,6.0,7.0,610.32275390625,760.1810180664063,685.069091796875,835.9320312500001,31.0,62.0
3,3 nodes,3N-RUN01,3nodes/30min_3nodes_run01/influxdata_2026-06-16T17_24_52Z.csv,29.967454766666666,4035,4032,4035,3,3,99.92565055762081,2.5356924,3,5,70.0,77.0,6.0,7.0,363.5576171875,382.058056640625,438.339111328125,458.7204345703125,31.0,58.0
3,3 nodes,3N-RUN02,3nodes/30min_3nodes_run02/influxdata_2026-06-22T15_21_40Z.csv,29.969283683333334,4036,4035,4046,11,1,99.72812654473555,5.2375678,3,3,71.0,77.0,6.0,7.0,260.28369140625,281.69775390625,335.421630859375,358.720703125,31.0,62.0
3,3 nodes,3N-RUN03,3nodes/30min_3nodes_run03/influxdata_2026-06-22T15_54_23Z.csv,29.973938033333333,4026,4025,4033,8,1,99.8016364988842,5.1031716,3,3,71.0,77.0,6.0,7.0,611.828125,631.60517578125,687.87109375,708.55517578125,31.0,58.0
5,5 nodes,5N-RUN01,5nodes/30min_5nodes_run01/influxdata_2026-06-19T13_02_54Z.csv,29.98202086666667,6686,6679,6695,16,7,99.76101568334578,3.130372,5,5,71.0,81.0,6.0,9.0,1422.0869140625,1444.304248046875,1498.097900390625,1522.793505859375,31.0,65.0
5,5 nodes,5N-RUN02,5nodes/30min_5nodes_run02/influxdata_2026-06-19T13_51_53Z.csv,29.990421416666667,6706,6695,6711,16,11,99.76158545671287,3.9507527,5,5,71.0,82.0,6.0,9.0,901.77783203125,1003.36591796875,977.942138671875,1079.0932373046874,31.0,61.0
5,5 nodes,5N-RUN03,5nodes/30min_5nodes_run03/influxdata_2026-06-19T14_28_36Z.csv,29.987410633333333,6697,6694,6713,19,3,99.71696707880233,3.0648293,5,5,71.0,82.0,6.0,9.0,751.4544677734375,822.89501953125,827.937255859375,900.55771484375,31.0,63.0
