scenario_label,run_id,n2g_median_ms,n2g_p95_ms,gateway_median_ms,gateway_p95_ms,backend_median_ms,backend_p95_ms,total_median_ms,total_p95_ms,sync_delay_median_ms,sync_delay_p95_ms
1 node,1N-RUN01,71.0,76.0,6.0,7.0,845.5965576171875,861.5768432617188,920.3463134765625,938.7908325195312,31.0,62.0
1 node,1N-RUN02,68.0,76.0,6.0,7.0,262.984619140625,277.46392822265625,338.4586181640625,356.14166259765625,31.0,58.0
1 node,1N-RUN03,68.0,77.0,6.0,7.0,610.32275390625,760.1810180664063,685.069091796875,835.9320312500001,31.0,62.0
3 nodes,3N-RUN01,70.0,77.0,6.0,7.0,363.5576171875,382.058056640625,438.339111328125,458.7204345703125,31.0,58.0
3 nodes,3N-RUN02,71.0,77.0,6.0,7.0,260.28369140625,281.69775390625,335.421630859375,358.720703125,31.0,62.0
3 nodes,3N-RUN03,71.0,77.0,6.0,7.0,611.828125,631.60517578125,687.87109375,708.55517578125,31.0,58.0
5 nodes,5N-RUN01,71.0,81.0,6.0,9.0,1422.0869140625,1444.304248046875,1498.097900390625,1522.793505859375,31.0,65.0
5 nodes,5N-RUN02,71.0,82.0,6.0,9.0,901.77783203125,1003.36591796875,977.942138671875,1079.0932373046874,31.0,61.0
5 nodes,5N-RUN03,71.0,82.0,6.0,9.0,751.4544677734375,822.89501953125,827.937255859375,900.55771484375,31.0,63.0
